Nombre,Descripcion,Fotos,Categoria,precio
taza blanca  12 oz,Taza sublimada Incluye diseño personalizado.,foto1-tazas.jpg,Tazas, $65.00 
Taza  sublimada  12 oz,Taza sublimada Incluye diseño personalizado. Diseño se  muestra con el calor.,foto2-tazas.jpg,Tazas, $130.00 
taza de acero inoxidable ,Taa de acero inoxidable con diseño personañizado,foto3-tazas.jpg,tazas, $210.00 
Tarro viajero Metalico  ,Tarro metalico  incluye diseño personalizado ,foto4-tazas.jpg,Tazas, $310.00 
Tarro viajero blanco  ,Tarro blanco  incluye diseño personalizado ,foto5-tazas.jpg,Tazas, $318.00 
Tarro cervecero transparente ,Tarro transparetne con diseño personalizado,foto6-tazas.jpg,Tazas, $160.00 
Tarro Cervecero Esmerilado,Tarro cervecero esmerilado con diseño personalizado,foto7-tazas.jpg,Tazas, $176.00 
Tarro de vidrio con popote ,Tarro estilo Jason Jar con diseño ´personalizado,foto8-tazas.jpg,Tazas, $120.00 
botellas de aluminio  600 ml blanca y plata,Botellas de aluminio 600 ml con diseño personalizado,foto9-tazas.jpg,Tazas, $145.00 
botellas de aluminio 400 ml blanca/plata,Botellas de aluminio 400 ml con diseño personalizado,foto10-tazas.jpg,Tazas, $150.00 
taza de vidrio transparente ,taza de vidrio transparente ,foto11-tazas.jpg,tazas, $75.00 
Playera  para caballero  CO300,Playera cuello redondo para caballero con diseño personalizado,foto1-cuello-camisetas.jpg,Caballeros,
Playera para caballero CO250,Playera cuello redondo para caballero con diseño personalizado,foto3-camisetas.jpg,Caballeros,
Playera cuello en V para caballero CO306,Playera cuello en V para caballero con diseño personalizado,foto7-camisetas.jpg,Caballeros,
Playera para caballero sin  mangas  CO310,Playera para caballero cuello redondo sin mangas con diseño personalizado,foto8-camisetas.jpg,Caballeros,
Playera para caballero manga larga CO304,Playera para caballero cuello redondo manga larga con diseño personalizado,foto9-camisetas.jpg,Caballeros,
Playera tipo Polo para caballeros CO500,Playera tipo polo para caballeros con diseño personalizado.,foto17-camisetas.jpg,Caballeros,
Camisa mezclilla  para caballero CO600,Camisa mezclilla manga corta para caballero  con diseño personallizado,foto19-camisetas.jpg,Caballeros,
Camisa mezclilla  para caballero CO601,Camisa mezclilla manga larga para caballero  con diseño personallizado,foto20-camisetas.jpg,Caballeros,
Camisa Oxford manga larga para caballero CO603,Camisa oxford mil rayas manga larga para caballero con diseño personalizado,foto22-point-caamisetas.jpg,Caballeros,
Camisa Oxford lisa para caballero CO604,Camisa Oxford lisa manga corta para  caballero con  diseño personalizado,foto23-point-camisetas.jpg,Caballeros,
Camisa Oxford lisa para caballero CO605,Camisa Oxford lisa manga larga para  caballero con  diseño personalizado,foto24-point-camisetas.jpg,Caballeros,
Playera para adulto unisex capucha y cangurera CO314,Playera para adulto manga larga unisex concapucha y cangurera con diseño personalizado,foto11-camisetas.jpg,Caballeros,
Playera para adulto unisex capucha cangurera y cierre CO324,Playera para adulto manga larga unisex concapucha cangurera y cierre con diseño personalizado,foto12-camisetas.jpg,Caballeros,
Sudadera adulto unisex  CO700,Sudadera cuello redondo unisex adulto con diseño personalizado,foto13-cuello-camisetas.jpg,Caballeros,
Sudadera adulto unisex con capucha y cangurera  CO701,Sudadera adulto unisex capucha y  cangurera con diseño personalizado,foto13-cuello-camisetas.jpg,Caballeros,
Sudadera adulto unisex con capucha cangurera y cierre CO702,Sudadera adulto unisex capucha cangurera y cierre con diseño personalizado,foto14-cierre-camisetas.jpg,Caballeros,
Playera para dama DO300,Playera cuello redondo para dama con diseño personalizado,foto2-camisetas.jpg,Damas,
Playera para dama DO250,Playera cuello redondo para dama con diseño personalizado,foto3-camisetas.jpg,Damas,
Playera cuello en V para dama DO306,Playera cuello en V para dama  con diseño personalizado,foto7-camisetas.jpg,Damas,
Playera para dama manga larga DO304,Playera para dama cuello redondo manga larga con diseño personalizado,foto10-camisetas.jpg,Damas,
Playera tipo polo con silueta para dama DO500,Playera tipo polo para dama con diseño personalizado,foto17-camisetas.jpg,Damas,
Camisa mezclilla  para dama DO600,Camisa mezclilla manga corta para dama  con diseño personallizado,foto19-camisetas.jpg,Damas,
Camisa mezclilla  para dama DO601,Camisa mezclilla manga larga para dama  con diseño personallizado,foto20-camisetas.jpg,Damas,
Camisa Oxford manga larga para dama DO603,Camisa oxford mil rayas manga larga para dama con diseño personalizado,foto22-point-caamisetas.jpg,Damas,
Camisa Oxford lisa con para dama DO604,Camisa Oxford lisa manga corta con silueta para  dama con  diseño personalizado,foto23-point-camisetas.jpg,Damas,
Camisa Oxford lisa con para dama DO605,Camisa Oxford lisa manga larga con silueta para  dama con  diseño personalizado,foto24-point-camisetas.jpg,Damas,
Playera para adulto unisex capucha y cangurera CO314,Playera para adulto manga larga unisex concapucha y cangurera con diseño personalizado,foto11-camisetas.jpg,Damas,
Playera para adulto unisex capucha cangurera y cierre CO324,Playera para adulto manga larga unisex concapucha cangurera y cierre con diseño personalizado,foto12-camisetas.jpg,Damas,
Sudadera adulto unisex  CO700,Sudadera cuello redondo unisex adulto con diseño personalizado,foto13-cuello-camisetas.jpg,Damas,
Sudadera adulto unisex con capucha y cangurera  CO701,Sudadera adulto unisex capucha y  cangurera con diseño personalizado,foto13-cuello-camisetas.jpg,Damas,
Sudadera adulto unisex con capucha cangurera y cierre CO702,Sudadera adulto unisex capucha cangurera y cierre con diseño personalizado,foto14-cierre-camisetas.jpg,Damas,
Playera  para joven unisex JO300,Playera cuello redondo unisex para  joven con diseño personalizado,foto4-camisetas.jpg,Jovenes,
Sudadera joven unisex JO700,Sudadera cuello redondo para joven unisex con diseño personalizado,foto15-joven-unixes-camisetas.jpg,Jovenes,
Sudadera joven unisex con capucha y cangurera JO701,Sudadera cuello redondo para joven unisex  capucha cangurera con diseño personalizado,foto15-joven-unixes-camisetas.jpg,Jovenes,
Sudadera joven unisex con capucha cangurera y cierre JO702,Sudadera cuello redondo para joven unisex  capucha cangurera y cierre con diseño personalizado,foto16-sudadera-cuello-cierre-camisetas.jpg,Jovenes,
Playera unisex tipo polo para jovenes JO500,Playera unisex tipo polo para jovenes con diseño personalizado.,foto18-camisetas.jpg,Jovenes,
Playera unisex para niños NO300,Playera cuello redondo unisex para niño con diseño personalizado,foto5-nino-camistas.jpg,Niños y niñas,
playera unisex para bebes BO300,Playera cuello redondo unisex para bebes con diseño personalizado,foto6-bebes-camisetas.jpg,Niños y niñas,
